,0
,৳300.00
Uiisii C100 In Ear Headphones with Microphone For Xiaomi/iphone 5s Mobile Phone,"৳130,500.00"
Case for iPhone iPhone 7/iPhone 8/iPhoneX,"৳154,000.00"
IPHONE 11 PRO MAX MOBILE 256GB GREEN COLOR,"৳118,999.00"
IPHONE 11 PRO 256GB SILVER,"৳131,000.00"
IPHONE XS MAX MOBILE SPACE GRAY 256GB,"৳99,999.00"
Emy Fast Charging Cable for iPhone,"৳122,990.00"
EMY Dual A202 Fast Charger with Data Cable for iPhone,৳199.00
Dz09 Bluetooth Smartwatch with Camera for Iphone and Android Smartphones,৳290.00
Baseus S07 Wireless Earphone CSR Bluetooth Headphones For Phone iPhone Xiaomi mi IPX5,৳495.00
Baseus B11 Wireless Bluetooth V4.1 Earphone Magnet Hands Free in-Ear with Mic for iPhone Xiaomi,৳790.00
QKZ VK6 Earphones Bass Sound In-Ear Sport Earphones with mic for xiaomi iPhone Samsung,৳499.00
iPhone X Battery CaseBlack with wireless charging treasure,৳900.00
USB 2.0 Flash Drive for iPhone and iPad 32G,"৳1,330.00"
Tempered glass for iPhone iPhoneX,"৳1,080.00"
Tempered glass for iPhone 6Plus/6sPlus/7Plus/8Plus,"৳1,050.00"
Tempered glass for iPhone 6/6S/7/8,"৳2,850.00"
